{"localisation_ID":{"0":1,"1":2,"2":3,"3":4,"4":5,"5":6,"6":7,"7":8,"8":9,"9":10,"10":11,"11":12,"12":13,"13":14,"14":15,"15":16,"16":17,"17":18,"18":19,"19":20,"20":21,"21":22,"22":23,"23":24,"24":25,"25":26,"26":27,"27":28,"28":29,"29":30,"30":31,"31":32,"32":33,"33":34,"34":35},"localisation":{"0":"Le Mont-Saint-Michel","1":"Saint-Malo","2":"Bayeux","3":"Le Havre","4":"Rouen","5":"Paris","6":"Amiens","7":"Lille","8":"Strasbourg","9":"Ch\u00e2teau du Haut-K\u0153nigsbourg","10":"Colmar","11":"Eguisheim","12":"Besan\u00e7on","13":"Dijon","14":"Annecy","15":"Grenoble","16":"Lyon","17":"Gorges du Verdon","18":"Bormes-les-Mimosas","19":"Cassis","20":"Marseille","21":"Aix-en-Provence","22":"Avignon","23":"Uz\u00e8s","24":"N\u00eemes","25":"Aigues-Mortes","26":"Saintes-Maries-de-la-Mer","27":"Collioure","28":"Carcassonne","29":"Ari\u00e8ge","30":"Toulouse","31":"Montauban","32":"Biarritz","33":"Bayonne","34":"La Rochelle"},"latitude_localisation":{"0":48.6355232,"1":48.649518,"2":49.2764624,"3":49.4938975,"4":49.4404591,"5":48.8566969,"6":49.8941708,"7":50.6365654,"8":48.584614,"9":48.2494898,"10":48.0777517,"11":48.0447968,"12":47.2380222,"13":47.3215806,"14":45.8992348,"15":45.1875602,"16":45.7578137,"17":43.7497,"18":43.1506968,"19":43.2140359,"20":43.2961743,"21":43.5298424,"22":43.9492493,"23":44.0121279,"24":43.8374249,"25":43.5658225,"26":43.4522771,"27":42.52505,"28":43.2130358,"29":42.9455368,"30":43.6044622,"31":44.0175835,"32":43.4711437,"33":43.4933379,"34":46.1591126},"longitude_localisation":{"0":-1.5102571,"1":-2.0260409,"2":-0.7024738,"3":0.1079732,"4":1.0939658,"5":2.3514616,"6":2.2956951,"7":3.0635282,"8":7.7507127,"9":7.3442962,"10":7.3579641,"11":7.3079618,"12":6.0243622,"13":5.0414701,"14":6.1288847,"15":5.7357819,"16":4.8320114,"17":6.32859,"18":6.3419285,"19":5.5396318,"20":5.3699525,"21":5.4474738,"22":4.8059012,"23":4.4196718,"24":4.3600687,"25":4.1912837,"26":4.4287172,"27":3.0831554,"28":2.3491069,"29":1.4065544,"30":1.4442469,"31":1.3549991,"32":-1.5527266,"33":-1.475099,"34":-1.1520434},"next_week_temp":{"0":21.22625,"1":20.1775,"2":21.32375,"3":18.58875,"4":21.8625,"5":23.5475,"6":22.53875,"7":22.66125,"8":22.53375,"9":19.8425,"10":23.19125,"11":23.35625,"12":22.69625,"13":22.55,"14":22.085,"15":24.27625,"16":23.17625,"17":22.5425,"18":25.24375,"19":24.9475,"20":24.88,"21":26.32375,"22":26.98125,"23":26.37625,"24":26.86625,"25":24.7525,"26":24.03,"27":24.3225,"28":25.80875,"29":18.6,"30":24.72125,"31":24.50125,"32":22.6675,"33":23.48875,"34":21.63875},"next_week_rain":{"0":1.9914,"1":0.995325,"2":2.077675,"3":2.8913375,"4":3.78515,"5":0.9577,"6":2.572425,"7":1.420275,"8":4.093575,"9":3.171975,"10":2.7113875,"11":2.759825,"12":0.9877875,"13":2.9176625,"14":4.0322625,"15":4.8801,"16":4.5049875,"17":1.5717875,"18":0.8604125,"19":0.981125,"20":1.3200375,"21":0.83875,"22":2.4823125,"23":4.6975125,"24":4.439775,"25":4.64595,"26":3.5004875,"27":2.0769125,"28":3.5074375,"29":6.8526625,"30":6.5486875,"31":9.2234,"32":4.6161375,"33":4.46365,"34":5.2534875},"next_week_weather_descript":{"0":"l\u00e9g\u00e8re pluie","1":"l\u00e9g\u00e8re pluie","2":"l\u00e9g\u00e8re pluie","3":"l\u00e9g\u00e8re pluie","4":"l\u00e9g\u00e8re pluie","5":"l\u00e9g\u00e8re pluie","6":"couvert","7":"l\u00e9g\u00e8re pluie","8":"pluie mod\u00e9r\u00e9e","9":"l\u00e9g\u00e8re pluie","10":"l\u00e9g\u00e8re pluie","11":"l\u00e9g\u00e8re pluie","12":"l\u00e9g\u00e8re pluie","13":"pluie mod\u00e9r\u00e9e","14":"pluie mod\u00e9r\u00e9e","15":"l\u00e9g\u00e8re pluie","16":"couvert","17":"l\u00e9g\u00e8re pluie","18":"ciel d\u00e9gag\u00e9","19":"l\u00e9g\u00e8re pluie","20":"l\u00e9g\u00e8re pluie","21":"couvert","22":"couvert","23":"pluie mod\u00e9r\u00e9e","24":"couvert","25":"l\u00e9g\u00e8re pluie","26":"l\u00e9g\u00e8re pluie","27":"l\u00e9g\u00e8re pluie","28":"l\u00e9g\u00e8re pluie","29":"l\u00e9g\u00e8re pluie","30":"pluie mod\u00e9r\u00e9e","31":"pluie mod\u00e9r\u00e9e","32":"l\u00e9g\u00e8re pluie","33":"l\u00e9g\u00e8re pluie","34":"l\u00e9g\u00e8re pluie"},"next_week_weather":{"0":63.26065,"1":66.1962,"2":63.01305,"3":57.0234,"4":56.7219,"5":69.7167,"6":62.24905,"7":66.98015,"8":56.15945,"9":57.1546,"10":62.3457,"11":62.31695,"12":68.7451,"13":60.87935,"14":55.95595,"15":54.75585,"16":55.1563,"17":66.25535,"18":71.8021,"19":71.023,"20":69.59985,"21":72.96875,"22":67.052,"23":57.5862,"24":59.10715,"25":56.1687,"26":60.02805,"27":66.01485,"28":61.779,"29":41.18935,"30":48.5265,"31":37.60765,"32":54.20295,"33":55.63415,"34":50.6248}}